"LOCATION","Country","INDICATOR","Indicator","SEX","Sex","AGE","Age","TIME","Time","Unit Code","Unit","PowerCode Code","PowerCode","Reference Period Code","Reference Period","Value","Flag Codes","Flags"
"AUS","Australia","ENT1","Share of self-employed who are employers","MEN","Men","TOTAL","Total","2017","2017","PC","Percentage","0","Units",,,7.967227459,,
"AUS","Australia","ENT1","Share of self-employed who are employers","WOMEN","Women","TOTAL","Total","2017","2017","PC","Percentage","0","Units",,,4.136926651,,
"AUT","Austria","ENT1","Share of self-employed who are employers","MEN","Men","TOTAL","Total","2017","2017","PC","Percentage","0","Units",,,6.3207464218,,
"AUT","Austria","ENT1","Share of self-employed who are employers","MEN","Men","TOTAL","Total","2018","2018","PC","Percentage","0","Units",,,6.22803545,,
"AUT","Austria","ENT1","Share of self-employed who are employers","MEN","Men","TOTAL","Total","2019","2019","PC","Percentage","0","Units",,,6.5781350136,,
"AUT","Austria","ENT1","Share of self-employed who are employers","WOMEN","Women","TOTAL","Total","2017","2017","PC","Percentage","0","Units",,,2.6154704094,,
"AUT","Austria","ENT1","Share of self-employed who are employers","WOMEN","Women","TOTAL","Total","2018","2018","PC","Percentage","0","Units",,,2.4683926105,,
"AUT","Austria","ENT1","Share of self-employed who are employers","WOMEN","Women","TOTAL","Total","2019","2019","PC","Percentage","0","Units",,,2.4632499218,,
"BEL","Belgium","ENT1","Share of self-employed who are employers","MEN","Men","TOTAL","Total","2017","2017","PC","Percentage","0","Units",,,5.3715815544,"B","Break"
"BEL","Belgium","ENT1","Share of self-employed who are employers","MEN","Men","TOTAL","Total","2018","2018","PC","Percentage","0","Units",,,5.0617184639,,
"BEL","Belgium","ENT1","Share of self-employed who are employers","MEN","Men","TOTAL","Total","2019","2019","PC","Percentage","0","Units",,,4.8735108376,,
"BEL","Belgium","ENT1","Share of self-employed who are employers","WOMEN","Women","TOTAL","Total","2017","2017","PC","Percentage","0","Units",,,2.4646065235,"B","Break"
"BEL","Belgium","ENT1","Share of self-employed who are employers","WOMEN","Women","TOTAL","Total","2018","2018","PC","Percentage","0","Units",,,2.1867344379,,
"BEL","Belgium","ENT1","Share of self-employed who are employers","WOMEN","Women","TOTAL","Total","2019","2019","PC","Percentage","0","Units",,,2.0313613415,,
"CAN","Canada","ENT1","Share of self-employed who are employers","MEN","Men","TOTAL","Total","2017","2017","PC","Percentage","0","Units",,,6.2383890152,,
"CAN","Canada","ENT1","Share of self-employed who are employers","MEN","Men","TOTAL","Total","2018","2018","PC","Percentage","0","Units",,,6.3751506805,,
"CAN","Canada","ENT1","Share of self-employed who are employers","MEN","Men","TOTAL","Total","2019","2019","PC","Percentage","0","Units",,,6.0263767242,,
"CAN","Canada","ENT1","Share of self-employed who are employers","MEN","Men","TOTAL","Total","2020","2020","PC","Percentage","0","Units",,,5.8372683525,,
"CAN","Canada","ENT1","Share of self-employed who are employers","WOMEN","Women","TOTAL","Total","2017","2017","PC","Percentage","0","Units",,,2.5908505917,,
"CAN","Canada","ENT1","Share of self-employed who are employers","WOMEN","Women","TOTAL","Total","2018","2018","PC","Percentage","0","Units",,,2.7080476284,,
"CAN","Canada","ENT1","Share of self-employed who are employers","WOMEN","Women","TOTAL","Total","2019","2019","PC","Percentage","0","Units",,,2.594381094,,
"CAN","Canada","ENT1","Share of self-employed who are employers","WOMEN","Women","TOTAL","Total","2020","2020","PC","Percentage","0","Units",,,2.4363012314,,
"CZE","Czech Republic","ENT1","Share of self-employed who are employers","MEN","Men","TOTAL","Total","2017","2017","PC","Percentage","0","Units",,,4.2315945625,,
"CZE","Czech Republic","ENT1","Share of self-employed who are employers","MEN","Men","TOTAL","Total","2018","2018","PC","Percentage","0","Units",,,4.1443896294,,
"CZE","Czech Republic","ENT1","Share of self-employed who are employers","MEN","Men","TOTAL","Total","2019","2019","PC","Percentage","0","Units",,,3.7898635864,,
"CZE","Czech Republic","ENT1","Share of self-employed who are employers","WOMEN","Women","TOTAL","Total","2017","2017","PC","Percentage","0","Units",,,1.4926698208,,
"CZE","Czech Republic","ENT1","Share of self-employed who are employers","WOMEN","Women","TOTAL","Total","2018","2018","PC","Percentage","0","Units",,,1.5753544569,,
"CZE","Czech Republic","ENT1","Share of self-employed who are employers","WOMEN","Women","TOTAL","Total","2019","2019","PC","Percentage","0","Units",,,1.6782484055,,
"DNK","Denmark","ENT1","Share of self-employed who are employers","MEN","Men","TOTAL","Total","2017","2017","PC","Percentage","0","Units",,,4.5271277428,"B","Break"
"DNK","Denmark","ENT1","Share of self-employed who are employers","MEN","Men","TOTAL","Total","2018","2018","PC","Percentage","0","Units",,,4.5324792862,,
"DNK","Denmark","ENT1","Share of self-employed who are employers","MEN","Men","TOTAL","Total","2019","2019","PC","Percentage","0","Units",,,4.7028179169,,
"DNK","Denmark","ENT1","Share of self-employed who are employers","WOMEN","Women","TOTAL","Total","2017","2017","PC","Percentage","0","Units",,,1.4715042114,"B","Break"
"DNK","Denmark","ENT1","Share of self-employed who are employers","WOMEN","Women","TOTAL","Total","2018","2018","PC","Percentage","0","Units",,,1.5271276236,,
"DNK","Denmark","ENT1","Share of self-employed who are employers","WOMEN","Women","TOTAL","Total","2019","2019","PC","Percentage","0","Units",,,1.6207209826,,
"FIN","Finland","ENT1","Share of self-employed who are employers","MEN","Men","TOTAL","Total","2017","2017","PC","Percentage","0","Units",,,5.5573511124,,
"FIN","Finland","ENT1","Share of self-employed who are employers","MEN","Men","TOTAL","Total","2018","2018","PC","Percentage","0","Units",,,5.0153532028,,
"FIN","Finland","ENT1","Share of self-employed who are employers","MEN","Men","TOTAL","Total","2019","2019","PC","Percentage","0","Units",,,5.2124915123,,
"FIN","Finland","ENT1","Share of self-employed who are employers","WOMEN","Women","TOTAL","Total","2017","2017","PC","Percentage","0","Units",,,1.8890606165,,
"FIN","Finland","ENT1","Share of self-employed who are employers","WOMEN","Women","TOTAL","Total","2018","2018","PC","Percentage","0","Units",,,1.7410229445,,
"FIN","Finland","ENT1","Share of self-employed who are employers","WOMEN","Women","TOTAL","Total","2019","2019","PC","Percentage","0","Units",,,1.9184651375,,
"FRA","France","ENT1","Share of self-employed who are employers","MEN","Men","TOTAL","Total","2017","2017","PC","Percentage","0","Units",,,5.808204174,,
"FRA","France","ENT1","Share of self-employed who are employers","MEN","Men","TOTAL","Total","2018","2018","PC","Percentage","0","Units",,,5.9777555466,,
"FRA","France","ENT1","Share of self-employed who are employers","MEN","Men","TOTAL","Total","2019","2019","PC","Percentage","0","Units",,,5.9586019516,,
"FRA","France","ENT1","Share of self-employed who are employers","WOMEN","Women","TOTAL","Total","2017","2017","PC","Percentage","0","Units",,,2.213591814,,
"FRA","France","ENT1","Share of self-employed who are employers","WOMEN","Women","TOTAL","Total","2018","2018","PC","Percentage","0","Units",,,2.1058092117,,
"FRA","France","ENT1","Share of self-employed who are employers","WOMEN","Women","TOTAL","Total","2019","2019","PC","Percentage","0","Units",,,2.1673803329,,
"DEU","Germany","ENT1","Share of self-employed who are employers","MEN","Men","TOTAL","Total","2017","2017","PC","Percentage","0","Units",,,5.6954746246,,
"DEU","Germany","ENT1","Share of self-employed who are employers","MEN","Men","TOTAL","Total","2018","2018","PC","Percentage","0","Units",,,5.5401287079,,
"DEU","Germany","ENT1","Share of self-employed who are employers","MEN","Men","TOTAL","Total","2019","2019","PC","Percentage","0","Units",,,5.5740771294,,
"DEU","Germany","ENT1","Share of self-employed who are employers","WOMEN","Women","TOTAL","Total","2017","2017","PC","Percentage","0","Units",,,2.2642028332,,
"DEU","Germany","ENT1","Share of self-employed who are employers","WOMEN","Women","TOTAL","Total","2018","2018","PC","Percentage","0","Units",,,2.1652414799,,
"DEU","Germany","ENT1","Share of self-employed who are employers","WOMEN","Women","TOTAL","Total","2019","2019","PC","Percentage","0","Units",,,2.187063694,,
"GRC","Greece","ENT1","Share of self-employed who are employers","MEN","Men","TOTAL","Total","2017","2017","PC","Percentage","0","Units",,,8.8872261047,,
"GRC","Greece","ENT1","Share of self-employed who are employers","MEN","Men","TOTAL","Total","2018","2018","PC","Percentage","0","Units",,,9.4792146683,,
"GRC","Greece","ENT1","Share of self-employed who are employers","MEN","Men","TOTAL","Total","2019","2019","PC","Percentage","0","Units",,,9.0777378082,,
"GRC","Greece","ENT1","Share of self-employed who are employers","WOMEN","Women","TOTAL","Total","2017","2017","PC","Percentage","0","Units",,,4.6478509903,,
"GRC","Greece","ENT1","Share of self-employed who are employers","WOMEN","Women","TOTAL","Total","2018","2018","PC","Percentage","0","Units",,,4.6030731201,,
"GRC","Greece","ENT1","Share of self-employed who are employers","WOMEN","Women","TOTAL","Total","2019","2019","PC","Percentage","0","Units",,,4.6908845901,,
"HUN","Hungary","ENT1","Share of self-employed who are employers","MEN","Men","TOTAL","Total","2017","2017","PC","Percentage","0","Units",,,5.9421687126,,
"HUN","Hungary","ENT1","Share of self-employed who are employers","MEN","Men","TOTAL","Total","2018","2018","PC","Percentage","0","Units",,,5.4737715721,,
"HUN","Hungary","ENT1","Share of self-employed who are employers","MEN","Men","TOTAL","Total","2019","2019","PC","Percentage","0","Units",,,5.5553274155,,
"HUN","Hungary","ENT1","Share of self-employed who are employers","WOMEN","Women","TOTAL","Total","2017","2017","PC","Percentage","0","Units",,,2.7625145912,,
"HUN","Hungary","ENT1","Share of self-employed who are employers","WOMEN","Women","TOTAL","Total","2018","2018","PC","Percentage","0","Units",,,2.556150198,,
"HUN","Hungary","ENT1","Share of self-employed who are employers","WOMEN","Women","TOTAL","Total","2019","2019","PC","Percentage","0","Units",,,2.7143213749,,
"ISL","Iceland","ENT1","Share of self-employed who are employers","MEN","Men","TOTAL","Total","2017","2017","PC","Percentage","0","Units",,,5.2631578445,,
"ISL","Iceland","ENT1","Share of self-employed who are employers","MEN","Men","TOTAL","Total","2018","2018","PC","Percentage","0","Units",,,5.2052049637,,
"ISL","Iceland","ENT1","Share of self-employed who are employers","MEN","Men","TOTAL","Total","2019","2019","PC","Percentage","0","Units",,,4.8371171951,,
"ISL","Iceland","ENT1","Share of self-employed who are employers","WOMEN","Women","TOTAL","Total","2017","2017","PC","Percentage","0","Units",,,1.8518518209,,
"ISL","Iceland","ENT1","Share of self-employed who are employers","WOMEN","Women","TOTAL","Total","2018","2018","PC","Percentage","0","Units",,,2.39452672,,
"ISL","Iceland","ENT1","Share of self-employed who are employers","WOMEN","Women","TOTAL","Total","2019","2019","PC","Percentage","0","Units",,,1.5659954548,,
"IRL","Ireland","ENT1","Share of self-employed who are employers","MEN","Men","TOTAL","Total","2017","2017","PC","Percentage","0","Units",,,6.0949873924,"B","Break"
"IRL","Ireland","ENT1","Share of self-employed who are employers","MEN","Men","TOTAL","Total","2018","2018","PC","Percentage","0","Units",,,5.8178391457,,
"IRL","Ireland","ENT1","Share of self-employed who are employers","MEN","Men","TOTAL","Total","2019","2019","PC","Percentage","0","Units",,,5.6423969269,,
"IRL","Ireland","ENT1","Share of self-employed who are employers","WOMEN","Women","TOTAL","Total","2017","2017","PC","Percentage","0","Units",,,2.175673008,"B","Break"
"IRL","Ireland","ENT1","Share of self-employed who are employers","WOMEN","Women","TOTAL","Total","2018","2018","PC","Percentage","0","Units",,,2.1226181984,,
"IRL","Ireland","ENT1","Share of self-employed who are employers","WOMEN","Women","TOTAL","Total","2019","2019","PC","Percentage","0","Units",,,1.97658813,,
"ITA","Italy","ENT1","Share of self-employed who are employers","MEN","Men","TOTAL","Total","2017","2017","PC","Percentage","0","Units",,,7.3843564987,,
"ITA","Italy","ENT1","Share of self-employed who are employers","MEN","Men","TOTAL","Total","2018","2018","PC","Percentage","0","Units",,,7.3761982918,,
"ITA","Italy","ENT1","Share of self-employed who are employers","MEN","Men","TOTAL","Total","2019","2019","PC","Percentage","0","Units",,,7.1225728989,,
"ITA","Italy","ENT1","Share of self-employed who are employers","WOMEN","Women","TOTAL","Total","2017","2017","PC","Percentage","0","Units",,,3.5543403625,,
"ITA","Italy","ENT1","Share of self-employed who are employers","WOMEN","Women","TOTAL","Total","2018","2018","PC","Percentage","0","Units",,,3.3928384781,,
"ITA","Italy","ENT1","Share of self-employed who are employers","WOMEN","Women","TOTAL","Total","2019","2019","PC","Percentage","0","Units",,,3.5100073814,,
"JPN","Japan","ENT1","Share of self-employed who are employers","MEN","Men","TOTAL","Total","2017","2017","PC","Percentage","0","Units",,,2.075438261,,
"JPN","Japan","ENT1","Share of self-employed who are employers","MEN","Men","TOTAL","Total","2018","2018","PC","Percentage","0","Units",,,2.09303689,,
"JPN","Japan","ENT1","Share of self-employed who are employers","MEN","Men","TOTAL","Total","2019","2019","PC","Percentage","0","Units",,,2.0140571594,,
"JPN","Japan","ENT1","Share of self-employed who are employers","MEN","Men","TOTAL","Total","2020","2020","PC","Percentage","0","Units",,,1.880418539,,
"JPN","Japan","ENT1","Share of self-employed who are employers","WOMEN","Women","TOTAL","Total","2017","2017","PC","Percentage","0","Units",,,0.5937428474,,
"JPN","Japan","ENT1","Share of self-employed who are employers","WOMEN","Women","TOTAL","Total","2018","2018","PC","Percentage","0","Units",,,0.5953174233,,
"JPN","Japan","ENT1","Share of self-employed who are employers","WOMEN","Women","TOTAL","Total","2019","2019","PC","Percentage","0","Units",,,0.5826433897,,
"JPN","Japan","ENT1","Share of self-employed who are employers","WOMEN","Women","TOTAL","Total","2020","2020","PC","Percentage","0","Units",,,0.5272800326,,
"KOR","Korea","ENT1","Share of self-employed who are employers","MEN","Men","TOTAL","Total","2017","2017","PC","Percentage","0","Units",,,7.7346978188,,
"KOR","Korea","ENT1","Share of self-employed who are employers","WOMEN","Women","TOTAL","Total","2017","2017","PC","Percentage","0","Units",,,3.5989034176,,
"LUX","Luxembourg","ENT1","Share of self-employed who are employers","MEN","Men","TOTAL","Total","2017","2017","PC","Percentage","0","Units",,,4.7026276588,,
"LUX","Luxembourg","ENT1","Share of self-employed who are employers","MEN","Men","TOTAL","Total","2018","2018","PC","Percentage","0","Units",,,3.7558684349,,
"LUX","Luxembourg","ENT1","Share of self-employed who are employers","MEN","Men","TOTAL","Total","2019","2019","PC","Percentage","0","Units",,,4.185447216,,
"LUX","Luxembourg","ENT1","Share of self-employed who are employers","WOMEN","Women","TOTAL","Total","2017","2017","PC","Percentage","0","Units",,,2.0750198364,,
"LUX","Luxembourg","ENT1","Share of self-employed who are employers","WOMEN","Women","TOTAL","Total","2018","2018","PC","Percentage","0","Units",,,1.8575853109,,
"LUX","Luxembourg","ENT1","Share of self-employed who are employers","WOMEN","Women","TOTAL","Total","2019","2019","PC","Percentage","0","Units",,,1.8939393759,,
"MEX","Mexico","ENT1","Share of self-employed who are employers","MEN","Men","TOTAL","Total","2017","2017","PC","Percentage","0","Units",,,5.5746569633,,
"MEX","Mexico","ENT1","Share of self-employed who are employers","WOMEN","Women","TOTAL","Total","2017","2017","PC","Percentage","0","Units",,,2.2968389988,,
"NLD","Netherlands","ENT1","Share of self-employed who are employers","MEN","Men","TOTAL","Total","2017","2017","PC","Percentage","0","Units",,,5.3784947395,,
"NLD","Netherlands","ENT1","Share of self-employed who are employers","MEN","Men","TOTAL","Total","2018","2018","PC","Percentage","0","Units",,,5.4290642738,,
"NLD","Netherlands","ENT1","Share of self-employed who are employers","MEN","Men","TOTAL","Total","2019","2019","PC","Percentage","0","Units",,,5.3261795044,,
"NLD","Netherlands","ENT1","Share of self-employed who are employers","WOMEN","Women","TOTAL","Total","2017","2017","PC","Percentage","0","Units",,,2.3120210171,,
"NLD","Netherlands","ENT1","Share of self-employed who are employers","WOMEN","Women","TOTAL","Total","2018","2018","PC","Percentage","0","Units",,,2.2017664909,,
"NLD","Netherlands","ENT1","Share of self-employed who are employers","WOMEN","Women","TOTAL","Total","2019","2019","PC","Percentage","0","Units",,,2.151402235,,
"NOR","Norway","ENT1","Share of self-employed who are employers","MEN","Men","TOTAL","Total","2017","2017","PC","Percentage","0","Units",,,2.3929188251,,
"NOR","Norway","ENT1","Share of self-employed who are employers","MEN","Men","TOTAL","Total","2018","2018","PC","Percentage","0","Units",,,2.0493609905,,
"NOR","Norway","ENT1","Share of self-employed who are employers","MEN","Men","TOTAL","Total","2019","2019","PC","Percentage","0","Units",,,2.2743787766,,
"NOR","Norway","ENT1","Share of self-employed who are employers","WOMEN","Women","TOTAL","Total","2017","2017","PC","Percentage","0","Units",,,0.9782161713,,
"NOR","Norway","ENT1","Share of self-employed who are employers","WOMEN","Women","TOTAL","Total","2018","2018","PC","Percentage","0","Units",,,0.7830343246,"N","Non-publishable, but non-confidential value"
"NOR","Norway","ENT1","Share of self-employed who are employers","WOMEN","Women","TOTAL","Total","2019","2019","PC","Percentage","0","Units",,,0.7583702803,"N","Non-publishable, but non-confidential value"
"POL","Poland","ENT1","Share of self-employed who are employers","MEN","Men","TOTAL","Total","2017","2017","PC","Percentage","0","Units",,,5.1322650909,,
"POL","Poland","ENT1","Share of self-employed who are employers","MEN","Men","TOTAL","Total","2018","2018","PC","Percentage","0","Units",,,4.9805140495,,
"POL","Poland","ENT1","Share of self-employed who are employers","MEN","Men","TOTAL","Total","2019","2019","PC","Percentage","0","Units",,,4.8981428146,,
"POL","Poland","ENT1","Share of self-employed who are employers","WOMEN","Women","TOTAL","Total","2017","2017","PC","Percentage","0","Units",,,2.4182293415,,
"POL","Poland","ENT1","Share of self-employed who are employers","WOMEN","Women","TOTAL","Total","2018","2018","PC","Percentage","0","Units",,,2.6123144627,,
"POL","Poland","ENT1","Share of self-employed who are employers","WOMEN","Women","TOTAL","Total","2019","2019","PC","Percentage","0","Units",,,2.5870079994,,
"PRT","Portugal","ENT1","Share of self-employed who are employers","MEN","Men","TOTAL","Total","2017","2017","PC","Percentage","0","Units",,,6.1767277718,,
"PRT","Portugal","ENT1","Share of self-employed who are employers","MEN","Men","TOTAL","Total","2018","2018","PC","Percentage","0","Units",,,6.0856113434,,
"PRT","Portugal","ENT1","Share of self-employed who are employers","MEN","Men","TOTAL","Total","2019","2019","PC","Percentage","0","Units",,,6.0011105537,,
"PRT","Portugal","ENT1","Share of self-employed who are employers","WOMEN","Women","TOTAL","Total","2017","2017","PC","Percentage","0","Units",,,2.8079304695,,
"PRT","Portugal","ENT1","Share of self-employed who are employers","WOMEN","Women","TOTAL","Total","2018","2018","PC","Percentage","0","Units",,,2.9063413143,,
"PRT","Portugal","ENT1","Share of self-employed who are employers","WOMEN","Women","TOTAL","Total","2019","2019","PC","Percentage","0","Units",,,3.0043289661,,
"SVK","Slovak Republic","ENT1","Share of self-employed who are employers","MEN","Men","TOTAL","Total","2017","2017","PC","Percentage","0","Units",,,4.1380820274,,
"SVK","Slovak Republic","ENT1","Share of self-employed who are employers","MEN","Men","TOTAL","Total","2018","2018","PC","Percentage","0","Units",,,3.8706903458,,
"SVK","Slovak Republic","ENT1","Share of self-employed who are employers","MEN","Men","TOTAL","Total","2019","2019","PC","Percentage","0","Units",,,3.9007601738,,
"SVK","Slovak Republic","ENT1","Share of self-employed who are employers","WOMEN","Women","TOTAL","Total","2017","2017","PC","Percentage","0","Units",,,1.8111140728,,
"SVK","Slovak Republic","ENT1","Share of self-employed who are employers","WOMEN","Women","TOTAL","Total","2018","2018","PC","Percentage","0","Units",,,1.5022400618,,
"SVK","Slovak Republic","ENT1","Share of self-employed who are employers","WOMEN","Women","TOTAL","Total","2019","2019","PC","Percentage","0","Units",,,1.6707276106,,
"ESP","Spain","ENT1","Share of self-employed who are employers","MEN","Men","TOTAL","Total","2017","2017","PC","Percentage","0","Units",,,6.3097815514,,
"ESP","Spain","ENT1","Share of self-employed who are employers","MEN","Men","TOTAL","Total","2018","2018","PC","Percentage","0","Units",,,6.0367002487,,
"ESP","Spain","ENT1","Share of self-employed who are employers","MEN","Men","TOTAL","Total","2019","2019","PC","Percentage","0","Units",,,5.9080467224,,
"ESP","Spain","ENT1","Share of self-employed who are employers","WOMEN","Women","TOTAL","Total","2017","2017","PC","Percentage","0","Units",,,3.2368679047,,
"ESP","Spain","ENT1","Share of self-employed who are employers","WOMEN","Women","TOTAL","Total","2018","2018","PC","Percentage","0","Units",,,3.281058073,,
"ESP","Spain","ENT1","Share of self-employed who are employers","WOMEN","Women","TOTAL","Total","2019","2019","PC","Percentage","0","Units",,,3.0720729828,,
"SWE","Sweden","ENT1","Share of self-employed who are employers","MEN","Men","TOTAL","Total","2017","2017","PC","Percentage","0","Units",,,5.296854496,,
"SWE","Sweden","ENT1","Share of self-employed who are employers","MEN","Men","TOTAL","Total","2018","2018","PC","Percentage","0","Units",,,5.3280129433,"B","Break"
"SWE","Sweden","ENT1","Share of self-employed who are employers","MEN","Men","TOTAL","Total","2019","2019","PC","Percentage","0","Units",,,5.4044632912,,
"SWE","Sweden","ENT1","Share of self-employed who are employers","WOMEN","Women","TOTAL","Total","2017","2017","PC","Percentage","0","Units",,,1.4444636106,,
"SWE","Sweden","ENT1","Share of self-employed who are employers","WOMEN","Women","TOTAL","Total","2018","2018","PC","Percentage","0","Units",,,1.4401632547,"B","Break"
"SWE","Sweden","ENT1","Share of self-employed who are employers","WOMEN","Women","TOTAL","Total","2019","2019","PC","Percentage","0","Units",,,1.4380860329,,
"CHE","Switzerland","ENT1","Share of self-employed who are employers","MEN","Men","TOTAL","Total","2017","2017","PC","Percentage","0","Units",,,7.5009474754,,
"CHE","Switzerland","ENT1","Share of self-employed who are employers","MEN","Men","TOTAL","Total","2018","2018","PC","Percentage","0","Units",,,7.5857739449,,
"CHE","Switzerland","ENT1","Share of self-employed who are employers","MEN","Men","TOTAL","Total","2019","2019","PC","Percentage","0","Units",,,7.3519001007,,
"CHE","Switzerland","ENT1","Share of self-employed who are employers","WOMEN","Women","TOTAL","Total","2017","2017","PC","Percentage","0","Units",,,3.1991147995,,
"CHE","Switzerland","ENT1","Share of self-employed who are employers","WOMEN","Women","TOTAL","Total","2018","2018","PC","Percentage","0","Units",,,2.9532248974,,
"CHE","Switzerland","ENT1","Share of self-employed who are employers","WOMEN","Women","TOTAL","Total","2019","2019","PC","Percentage","0","Units",,,2.8695077896,,
"TUR","Turkey","ENT1","Share of self-employed who are employers","MEN","Men","TOTAL","Total","2017","2017","PC","Percentage","0","Units",,,5.9611878395,,
"TUR","Turkey","ENT1","Share of self-employed who are employers","MEN","Men","TOTAL","Total","2018","2018","PC","Percentage","0","Units",,,5.8902716637,,
"TUR","Turkey","ENT1","Share of self-employed who are employers","MEN","Men","TOTAL","Total","2019","2019","PC","Percentage","0","Units",,,5.8107919693,,
"TUR","Turkey","ENT1","Share of self-employed who are employers","WOMEN","Women","TOTAL","Total","2017","2017","PC","Percentage","0","Units",,,1.2766058445,,
"TUR","Turkey","ENT1","Share of self-employed who are employers","WOMEN","Women","TOTAL","Total","2018","2018","PC","Percentage","0","Units",,,1.243317008,,
"TUR","Turkey","ENT1","Share of self-employed who are employers","WOMEN","Women","TOTAL","Total","2019","2019","PC","Percentage","0","Units",,,1.4539263248,,
"GBR","United Kingdom","ENT1","Share of self-employed who are employers","MEN","Men","TOTAL","Total","2017","2017","PC","Percentage","0","Units",,,3.0567979813,,
"GBR","United Kingdom","ENT1","Share of self-employed who are employers","MEN","Men","TOTAL","Total","2018","2018","PC","Percentage","0","Units",,,2.6362991333,,
"GBR","United Kingdom","ENT1","Share of self-employed who are employers","MEN","Men","TOTAL","Total","2019","2019","PC","Percentage","0","Units",,,2.8454866409,,
"GBR","United Kingdom","ENT1","Share of self-employed who are employers","WOMEN","Women","TOTAL","Total","2017","2017","PC","Percentage","0","Units",,,1.3581935167,,
"GBR","United Kingdom","ENT1","Share of self-employed who are employers","WOMEN","Women","TOTAL","Total","2018","2018","PC","Percentage","0","Units",,,1.1792197227,,
"GBR","United Kingdom","ENT1","Share of self-employed who are employers","WOMEN","Women","TOTAL","Total","2019","2019","PC","Percentage","0","Units",,,1.2360500097,,
"USA","United States","ENT1","Share of self-employed who are employers","MEN","Men","TOTAL","Total","2017","2017","PC","Percentage","0","Units",,,3.23087883,,
"USA","United States","ENT1","Share of self-employed who are employers","MEN","Men","TOTAL","Total","2018","2018","PC","Percentage","0","Units",,,3.1705341339,,
"USA","United States","ENT1","Share of self-employed who are employers","MEN","Men","TOTAL","Total","2019","2019","PC","Percentage","0","Units",,,3.2698297501,,
"USA","United States","ENT1","Share of self-employed who are employers","WOMEN","Women","TOTAL","Total","2017","2017","PC","Percentage","0","Units",,,1.2464247942,,
"USA","United States","ENT1","Share of self-employed who are employers","WOMEN","Women","TOTAL","Total","2018","2018","PC","Percentage","0","Units",,,1.1914130449,,
"USA","United States","ENT1","Share of self-employed who are employers","WOMEN","Women","TOTAL","Total","2019","2019","PC","Percentage","0","Units",,,1.29624331,,
"CHL","Chile","ENT1","Share of self-employed who are employers","MEN","Men","TOTAL","Total","2017","2017","PC","Percentage","0","Units",,,6.1252193451,,
"CHL","Chile","ENT1","Share of self-employed who are employers","WOMEN","Women","TOTAL","Total","2017","2017","PC","Percentage","0","Units",,,2.4046771526,,
"EST","Estonia","ENT1","Share of self-employed who are employers","MEN","Men","TOTAL","Total","2017","2017","PC","Percentage","0","Units",,,6.5801663399,,
"EST","Estonia","ENT1","Share of self-employed who are employers","MEN","Men","TOTAL","Total","2018","2018","PC","Percentage","0","Units",,,6.8313512802,,
"EST","Estonia","ENT1","Share of self-employed who are employers","MEN","Men","TOTAL","Total","2019","2019","PC","Percentage","0","Units",,,6.9507403374,,
"EST","Estonia","ENT1","Share of self-employed who are employers","WOMEN","Women","TOTAL","Total","2017","2017","PC","Percentage","0","Units",,,2.5173900127,,
"EST","Estonia","ENT1","Share of self-employed who are employers","WOMEN","Women","TOTAL","Total","2018","2018","PC","Percentage","0","Units",,,1.9517036676,,
"EST","Estonia","ENT1","Share of self-employed who are employers","WOMEN","Women","TOTAL","Total","2019","2019","PC","Percentage","0","Units",,,2.1108179092,,
"SVN","Slovenia","ENT1","Share of self-employed who are employers","MEN","Men","TOTAL","Total","2017","2017","PC","Percentage","0","Units",,,5.0582890511,,
"SVN","Slovenia","ENT1","Share of self-employed who are employers","MEN","Men","TOTAL","Total","2018","2018","PC","Percentage","0","Units",,,5.0896472931,,
"SVN","Slovenia","ENT1","Share of self-employed who are employers","MEN","Men","TOTAL","Total","2019","2019","PC","Percentage","0","Units",,,4.9627790451,,
"SVN","Slovenia","ENT1","Share of self-employed who are employers","WOMEN","Women","TOTAL","Total","2017","2017","PC","Percentage","0","Units",,,2.3782300949,,
"SVN","Slovenia","ENT1","Share of self-employed who are employers","WOMEN","Women","TOTAL","Total","2018","2018","PC","Percentage","0","Units",,,2.1214170456,,
"SVN","Slovenia","ENT1","Share of self-employed who are employers","WOMEN","Women","TOTAL","Total","2019","2019","PC","Percentage","0","Units",,,1.8618215322,,
"ZAF","South Africa","ENT1","Share of self-employed who are employers","MEN","Men","TOTAL","Total","2017","2017","PC","Percentage","0","Units",,,7.3667535782,,
"ZAF","South Africa","ENT1","Share of self-employed who are employers","WOMEN","Women","TOTAL","Total","2017","2017","PC","Percentage","0","Units",,,2.5395650864,,
"AUS","Australia","ENT2","Share of self-employed who are own-account workers","MEN","Men","TOTAL","Total","2017","2017","PC","Percentage","0","Units",,,12.684898376,,
"AUS","Australia","ENT2","Share of self-employed who are own-account workers","WOMEN","Women","TOTAL","Total","2017","2017","PC","Percentage","0","Units",,,8.14868927,,
"AUT","Austria","ENT2","Share of self-employed who are own-account workers","MEN","Men","TOTAL","Total","2017","2017","PC","Percentage","0","Units",,,6.6059942245,,
"AUT","Austria","ENT2","Share of self-employed who are own-account workers","MEN","Men","TOTAL","Total","2018","2018","PC","Percentage","0","Units",,,6.3392500877,,
"AUT","Austria","ENT2","Share of self-employed who are own-account workers","MEN","Men","TOTAL","Total","2019","2019","PC","Percentage","0","Units",,,6.3619513512,,
"AUT","Austria","ENT2","Share of self-employed who are own-account workers","WOMEN","Women","TOTAL","Total","2017","2017","PC","Percentage","0","Units",,,5.3068246841,,
"AUT","Austria","ENT2","Share of self-employed who are own-account workers","WOMEN","Women","TOTAL","Total","2018","2018","PC","Percentage","0","Units",,,5.4033718109,,
"AUT","Austria","ENT2","Share of self-employed who are own-account workers","WOMEN","Women","TOTAL","Total","2019","2019","PC","Percentage","0","Units",,,5.6068735123,,
"BEL","Belgium","ENT2","Share of self-employed who are own-account workers","MEN","Men","TOTAL","Total","2017","2017","PC","Percentage","0","Units",,,10.954450607,"B","Break"
"BEL","Belgium","ENT2","Share of self-employed who are own-account workers","MEN","Men","TOTAL","Total","2018","2018","PC","Percentage","0","Units",,,10.712567329,,
"BEL","Belgium","ENT2","Share of self-employed who are own-account workers","MEN","Men","TOTAL","Total","2019","2019","PC","Percentage","0","Units",,,11.26331234,,
"BEL","Belgium","ENT2","Share of self-employed who are own-account workers","WOMEN","Women","TOTAL","Total","2017","2017","PC","Percentage","0","Units",,,6.8152947426,"B","Break"
"BEL","Belgium","ENT2","Share of self-employed who are own-account workers","WOMEN","Women","TOTAL","Total","2018","2018","PC","Percentage","0","Units",,,6.932220459,,
"BEL","Belgium","ENT2","Share of self-employed who are own-account workers","WOMEN","Women","TOTAL","Total","2019","2019","PC","Percentage","0","Units",,,7.212223053,,
"CAN","Canada","ENT2","Share of self-employed who are own-account workers","MEN","Men","TOTAL","Total","2017","2017","PC","Percentage","0","Units",,,11.974470139,,
"CAN","Canada","ENT2","Share of self-employed who are own-account workers","MEN","Men","TOTAL","Total","2018","2018","PC","Percentage","0","Units",,,11.784959793,,
"CAN","Canada","ENT2","Share of self-employed who are own-account workers","MEN","Men","TOTAL","Total","2019","2019","PC","Percentage","0","Units",,,12.099820137,,
"CAN","Canada","ENT2","Share of self-employed who are own-account workers","MEN","Men","TOTAL","Total","2020","2020","PC","Percentage","0","Units",,,12.363492012,,
"CAN","Canada","ENT2","Share of self-employed who are own-account workers","WOMEN","Women","TOTAL","Total","2017","2017","PC","Percentage","0","Units",,,9.1129598618,,
"CAN","Canada","ENT2","Share of self-employed who are own-account workers","WOMEN","Women","TOTAL","Total","2018","2018","PC","Percentage","0","Units",,,9.2568035126,,
"CAN","Canada","ENT2","Share of self-employed who are own-account workers","WOMEN","Women","TOTAL","Total","2019","2019","PC","Percentage","0","Units",,,9.2286319733,,
"CAN","Canada","ENT2","Share of self-employed who are own-account workers","WOMEN","Women","TOTAL","Total","2020","2020","PC","Percentage","0","Units",,,9.8580293655,,
"CZE","Czech Republic","ENT2","Share of self-employed who are own-account workers","MEN","Men","TOTAL","Total","2017","2017","PC","Percentage","0","Units",,,15.522882462,,
"CZE","Czech Republic","ENT2","Share of self-employed who are own-account workers","MEN","Men","TOTAL","Total","2018","2018","PC","Percentage","0","Units",,,15.714435577,,
"CZE","Czech Republic","ENT2","Share of self-employed who are own-account workers","MEN","Men","TOTAL","Total","2019","2019","PC","Percentage","0","Units",,,15.672919273,,
"CZE","Czech Republic","ENT2","Share of self-employed who are own-account workers","WOMEN","Women","TOTAL","Total","2017","2017","PC","Percentage","0","Units",,,10.075522423,,
"CZE","Czech Republic","ENT2","Share of self-employed who are own-account workers","WOMEN","Women","TOTAL","Total","2018","2018","PC","Percentage","0","Units",,,9.5702781677,,
"CZE","Czech Republic","ENT2","Share of self-employed who are own-account workers","WOMEN","Women","TOTAL","Total","2019","2019","PC","Percentage","0","Units",,,9.4182939529,,
"DNK","Denmark","ENT2","Share of self-employed who are own-account workers","MEN","Men","TOTAL","Total","2017","2017","PC","Percentage","0","Units",,,5.4254789352,"B","Break"
"DNK","Denmark","ENT2","Share of self-employed who are own-account workers","MEN","Men","TOTAL","Total","2018","2018","PC","Percentage","0","Units",,,5.1660509109,,
"DNK","Denmark","ENT2","Share of self-employed who are own-account workers","MEN","Men","TOTAL","Total","2019","2019","PC","Percentage","0","Units",,,5.148419857,,
"DNK","Denmark","ENT2","Share of self-employed who are own-account workers","WOMEN","Women","TOTAL","Total","2017","2017","PC","Percentage","0","Units",,,3.0831513405,"B","Break"
"DNK","Denmark","ENT2","Share of self-employed who are own-account workers","WOMEN","Women","TOTAL","Total","2018","2018","PC","Percentage","0","Units",,,2.8163609505,,
"DNK","Denmark","ENT2","Share of self-employed who are own-account workers","WOMEN","Women","TOTAL","Total","2019","2019","PC","Percentage","0","Units",,,3.0293850899,,
"FIN","Finland","ENT2","Share of self-employed who are own-account workers","MEN","Men","TOTAL","Total","2017","2017","PC","Percentage","0","Units",,,9.4103393555,,
"FIN","Finland","ENT2","Share of self-employed who are own-account workers","MEN","Men","TOTAL","Total","2018","2018","PC","Percentage","0","Units",,,9.7708845139,,
"FIN","Finland","ENT2","Share of self-employed who are own-account workers","MEN","Men","TOTAL","Total","2019","2019","PC","Percentage","0","Units",,,9.6736326218,,
"FIN","Finland","ENT2","Share of self-employed who are own-account workers","WOMEN","Women","TOTAL","Total","2017","2017","PC","Percentage","0","Units",,,6.2081408501,,
"FIN","Finland","ENT2","Share of self-employed who are own-account workers","WOMEN","Women","TOTAL","Total","2018","2018","PC","Percentage","0","Units",,,6.420021534,,
"FIN","Finland","ENT2","Share of self-employed who are own-account workers","WOMEN","Women","TOTAL","Total","2019","2019","PC","Percentage","0","Units",,,6.6319351196,,
"FRA","France","ENT2","Share of self-employed who are own-account workers","MEN","Men","TOTAL","Total","2017","2017","PC","Percentage","0","Units",,,7.9830856323,,
"FRA","France","ENT2","Share of self-employed who are own-account workers","MEN","Men","TOTAL","Total","2018","2018","PC","Percentage","0","Units",,,8.0627832413,,
"FRA","France","ENT2","Share of self-employed who are own-account workers","MEN","Men","TOTAL","Total","2019","2019","PC","Percentage","0","Units",,,8.5234136581,,
"FRA","France","ENT2","Share of self-employed who are own-account workers","WOMEN","Women","TOTAL","Total","2017","2017","PC","Percentage","0","Units",,,5.4826917648,,
"FRA","France","ENT2","Share of self-employed who are own-account workers","WOMEN","Women","TOTAL","Total","2018","2018","PC","Percentage","0","Units",,,5.5274591446,,
"FRA","France","ENT2","Share of self-employed who are own-account workers","WOMEN","Women","TOTAL","Total","2019","2019","PC","Percentage","0","Units",,,5.8634552956,,
"DEU","Germany","ENT2","Share of self-employed who are own-account workers","MEN","Men","TOTAL","Total","2017","2017","PC","Percentage","0","Units",,,5.5521016121,,
"DEU","Germany","ENT2","Share of self-employed who are own-account workers","MEN","Men","TOTAL","Total","2018","2018","PC","Percentage","0","Units",,,5.3314080238,,
"DEU","Germany","ENT2","Share of self-employed who are own-account workers","MEN","Men","TOTAL","Total","2019","2019","PC","Percentage","0","Units",,,5.0852274895,,
"DEU","Germany","ENT2","Share of self-employed who are own-account workers","WOMEN","Women","TOTAL","Total","2017","2017","PC","Percentage","0","Units",,,4.3250179291,,
"DEU","Germany","ENT2","Share of self-employed who are own-account workers","WOMEN","Women","TOTAL","Total","2018","2018","PC","Percentage","0","Units",,,4.1817541122,,
"DEU","Germany","ENT2","Share of self-employed who are own-account workers","WOMEN","Women","TOTAL","Total","2019","2019","PC","Percentage","0","Units",,,3.9530189037,,
"GRC","Greece","ENT2","Share of self-employed who are own-account workers","MEN","Men","TOTAL","Total","2017","2017","PC","Percentage","0","Units",,,25.506340027,,
"GRC","Greece","ENT2","Share of self-employed who are own-account workers","MEN","Men","TOTAL","Total","2018","2018","PC","Percentage","0","Units",,,24.536315918,,
"GRC","Greece","ENT2","Share of self-employed who are own-account workers","MEN","Men","TOTAL","Total","2019","2019","PC","Percentage","0","Units",,,23.846607208,,
"GRC","Greece","ENT2","Share of self-employed who are own-account workers","WOMEN","Women","TOTAL","Total","2017","2017","PC","Percentage","0","Units",,,17.762817383,,
"GRC","Greece","ENT2","Share of self-employed who are own-account workers","WOMEN","Women","TOTAL","Total","2018","2018","PC","Percentage","0","Units",,,17.483995438,,
"GRC","Greece","ENT2","Share of self-employed who are own-account workers","WOMEN","Women","TOTAL","Total","2019","2019","PC","Percentage","0","Units",,,16.362398148,,
"HUN","Hungary","ENT2","Share of self-employed who are own-account workers","MEN","Men","TOTAL","Total","2017","2017","PC","Percentage","0","Units",,,5.5111522675,,
"HUN","Hungary","ENT2","Share of self-employed who are own-account workers","MEN","Men","TOTAL","Total","2018","2018","PC","Percentage","0","Units",,,6.1662864685,,
"HUN","Hungary","ENT2","Share of self-employed who are own-account workers","MEN","Men","TOTAL","Total","2019","2019","PC","Percentage","0","Units",,,6.6598234177,,
"HUN","Hungary","ENT2","Share of self-employed who are own-account workers","WOMEN","Women","TOTAL","Total","2017","2017","PC","Percentage","0","Units",,,4.7234964371,,
"HUN","Hungary","ENT2","Share of self-employed who are own-account workers","WOMEN","Women","TOTAL","Total","2018","2018","PC","Percentage","0","Units",,,4.8771948814,,
"HUN","Hungary","ENT2","Share of self-employed who are own-account workers","WOMEN","Women","TOTAL","Total","2019","2019","PC","Percentage","0","Units",,,4.7788052559,,
"ISL","Iceland","ENT2","Share of self-employed who are own-account workers","MEN","Men","TOTAL","Total","2017","2017","PC","Percentage","0","Units",,,8.6687297821,,
"ISL","Iceland","ENT2","Share of self-employed who are own-account workers","MEN","Men","TOTAL","Total","2018","2018","PC","Percentage","0","Units",,,8.7087087631,,
"ISL","Iceland","ENT2","Share of self-employed who are own-account workers","MEN","Men","TOTAL","Total","2019","2019","PC","Percentage","0","Units",,,8.8845014572,,
"ISL","Iceland","ENT2","Share of self-employed who are own-account workers","WOMEN","Women","TOTAL","Total","2017","2017","PC","Percentage","0","Units",,,5.3240737915,,
"ISL","Iceland","ENT2","Share of self-employed who are own-account workers","WOMEN","Women","TOTAL","Total","2018","2018","PC","Percentage","0","Units",,,5.5872292519,,
"ISL","Iceland","ENT2","Share of self-employed who are own-account workers","WOMEN","Women","TOTAL","Total","2019","2019","PC","Percentage","0","Units",,,5.8165545464,,
"IRL","Ireland","ENT2","Share of self-employed who are own-account workers","MEN","Men","TOTAL","Total","2017","2017","PC","Percentage","0","Units",,,12.963939667,"B","Break"
"IRL","Ireland","ENT2","Share of self-employed who are own-account workers","MEN","Men","TOTAL","Total","2018","2018","PC","Percentage","0","Units",,,12.432526588,,
"IRL","Ireland","ENT2","Share of self-employed who are own-account workers","MEN","Men","TOTAL","Total","2019","2019","PC","Percentage","0","Units",,,11.895009041,,
"IRL","Ireland","ENT2","Share of self-employed who are own-account workers","WOMEN","Women","TOTAL","Total","2017","2017","PC","Percentage","0","Units",,,4.6448087692,"B","Break"
"IRL","Ireland","ENT2","Share of self-employed who are own-account workers","WOMEN","Women","TOTAL","Total","2018","2018","PC","Percentage","0","Units",,,4.6895051003,,
"IRL","Ireland","ENT2","Share of self-employed who are own-account workers","WOMEN","Women","TOTAL","Total","2019","2019","PC","Percentage","0","Units",,,4.6728076935,,
"ITA","Italy","ENT2","Share of self-employed who are own-account workers","MEN","Men","TOTAL","Total","2017","2017","PC","Percentage","0","Units",,,17.797914505,,
"ITA","Italy","ENT2","Share of self-employed who are own-account workers","MEN","Men","TOTAL","Total","2018","2018","PC","Percentage","0","Units",,,17.412563324,,
"ITA","Italy","ENT2","Share of self-employed who are own-account workers","MEN","Men","TOTAL","Total","2019","2019","PC","Percentage","0","Units",,,17.262262344,,
"ITA","Italy","ENT2","Share of self-employed who are own-account workers","WOMEN","Women","TOTAL","Total","2017","2017","PC","Percentage","0","Units",,,11.344446182,,
"ITA","Italy","ENT2","Share of self-employed who are own-account workers","WOMEN","Women","TOTAL","Total","2018","2018","PC","Percentage","0","Units",,,11.477190018,,
"ITA","Italy","ENT2","Share of self-employed who are own-account workers","WOMEN","Women","TOTAL","Total","2019","2019","PC","Percentage","0","Units",,,11.42150116,,
"JPN","Japan","ENT2","Share of self-employed who are own-account workers","MEN","Men","TOTAL","Total","2017","2017","PC","Percentage","0","Units",,,5.3173851967,,
"JPN","Japan","ENT2","Share of self-employed who are own-account workers","MEN","Men","TOTAL","Total","2018","2018","PC","Percentage","0","Units",,,5.1854252815,,
"JPN","Japan","ENT2","Share of self-employed who are own-account workers","MEN","Men","TOTAL","Total","2019","2019","PC","Percentage","0","Units",,,5.2064261436,,
"JPN","Japan","ENT2","Share of self-employed who are own-account workers","MEN","Men","TOTAL","Total","2020","2020","PC","Percentage","0","Units",,,5.219730854,,
"JPN","Japan","ENT2","Share of self-employed who are own-account workers","WOMEN","Women","TOTAL","Total","2017","2017","PC","Percentage","0","Units",,,3.292989254,,
"JPN","Japan","ENT2","Share of self-employed who are own-account workers","WOMEN","Women","TOTAL","Total","2018","2018","PC","Percentage","0","Units",,,3.2564752102,,
"JPN","Japan","ENT2","Share of self-employed who are own-account workers","WOMEN","Women","TOTAL","Total","2019","2019","PC","Percentage","0","Units",,,3.2724404335,,
"JPN","Japan","ENT2","Share of self-employed who are own-account workers","WOMEN","Women","TOTAL","Total","2020","2020","PC","Percentage","0","Units",,,3.3602931499,,
"KOR","Korea","ENT2","Share of self-employed who are own-account workers","MEN","Men","TOTAL","Total","2017","2017","PC","Percentage","0","Units",,,18.572460175,,
"KOR","Korea","ENT2","Share of self-employed who are own-account workers","WOMEN","Women","TOTAL","Total","2017","2017","PC","Percentage","0","Units",,,10.823238373,,
"LUX","Luxembourg","ENT2","Share of self-employed who are own-account workers","MEN","Men","TOTAL","Total","2017","2017","PC","Percentage","0","Units",,,4.9792528152,,
"LUX","Luxembourg","ENT2","Share of self-employed who are own-account workers","MEN","Men","TOTAL","Total","2018","2018","PC","Percentage","0","Units",,,4.6948356628,,
"LUX","Luxembourg","ENT2","Share of self-employed who are own-account workers","MEN","Men","TOTAL","Total","2019","2019","PC","Percentage","0","Units",,,4.185447216,,
"LUX","Luxembourg","ENT2","Share of self-employed who are own-account workers","WOMEN","Women","TOTAL","Total","2017","2017","PC","Percentage","0","Units",,,5.8260173798,,
"LUX","Luxembourg","ENT2","Share of self-employed who are own-account workers","WOMEN","Women","TOTAL","Total","2018","2018","PC","Percentage","0","Units",,,4.5665636063,,
"LUX","Luxembourg","ENT2","Share of self-employed who are own-account workers","WOMEN","Women","TOTAL","Total","2019","2019","PC","Percentage","0","Units",,,4.4696969986,,
"MEX","Mexico","ENT2","Share of self-employed who are own-account workers","MEN","Men","TOTAL","Total","2017","2017","PC","Percentage","0","Units",,,20.125879288,,
"MEX","Mexico","ENT2","Share of self-employed who are own-account workers","WOMEN","Women","TOTAL","Total","2017","2017","PC","Percentage","0","Units",,,20.952842712,,
"NLD","Netherlands","ENT2","Share of self-employed who are own-account workers","MEN","Men","TOTAL","Total","2017","2017","PC","Percentage","0","Units",,,13.029308319,,
"NLD","Netherlands","ENT2","Share of self-employed who are own-account workers","MEN","Men","TOTAL","Total","2018","2018","PC","Percentage","0","Units",,,13.011184692,,
"NLD","Netherlands","ENT2","Share of self-employed who are own-account workers","MEN","Men","TOTAL","Total","2019","2019","PC","Percentage","0","Units",,,13.108246803,,
"NLD","Netherlands","ENT2","Share of self-employed who are own-account workers","WOMEN","Women","TOTAL","Total","2017","2017","PC","Percentage","0","Units",,,9.8515520096,,
"NLD","Netherlands","ENT2","Share of self-employed who are own-account workers","WOMEN","Women","TOTAL","Total","2018","2018","PC","Percentage","0","Units",,,9.7872867584,,
"NLD","Netherlands","ENT2","Share of self-employed who are own-account workers","WOMEN","Women","TOTAL","Total","2019","2019","PC","Percentage","0","Units",,,9.8677005768,,
"NZL","New Zealand","ENT2","Share of self-employed who are own-account workers","MEN","Men","TOTAL","Total","2017","2017","PC","Percentage","0","Units",,,11.711289406,,
"NZL","New Zealand","ENT2","Share of self-employed who are own-account workers","MEN","Men","TOTAL","Total","2018","2018","PC","Percentage","0","Units",,,11.622387886,,
"NZL","New Zealand","ENT2","Share of self-employed who are own-account workers","MEN","Men","TOTAL","Total","2019","2019","PC","Percentage","0","Units",,,11.973107338,,
"NZL","New Zealand","ENT2","Share of self-employed who are own-account workers","MEN","Men","TOTAL","Total","2020","2020","PC","Percentage","0","Units",,,12.57062149,,
"NZL","New Zealand","ENT2","Share of self-employed who are own-account workers","WOMEN","Women","TOTAL","Total","2017","2017","PC","Percentage","0","Units",,,9.2400312424,,
"NZL","New Zealand","ENT2","Share of self-employed who are own-account workers","WOMEN","Women","TOTAL","Total","2018","2018","PC","Percentage","0","Units",,,8.9043426514,,
"NZL","New Zealand","ENT2","Share of self-employed who are own-account workers","WOMEN","Women","TOTAL","Total","2019","2019","PC","Percentage","0","Units",,,8.8944511414,,
"NZL","New Zealand","ENT2","Share of self-employed who are own-account workers","WOMEN","Women","TOTAL","Total","2020","2020","PC","Percentage","0","Units",,,9.7713098526,,
"NOR","Norway","ENT2","Share of self-employed who are own-account workers","MEN","Men","TOTAL","Total","2017","2017","PC","Percentage","0","Units",,,5.2584204674,,
"NOR","Norway","ENT2","Share of self-employed who are own-account workers","MEN","Men","TOTAL","Total","2018","2018","PC","Percentage","0","Units",,,5.3988542557,,
"NOR","Norway","ENT2","Share of self-employed who are own-account workers","MEN","Men","TOTAL","Total","2019","2019","PC","Percentage","0","Units",,,5.2826623917,,
"NOR","Norway","ENT2","Share of self-employed who are own-account workers","WOMEN","Women","TOTAL","Total","2017","2017","PC","Percentage","0","Units",,,2.9099879265,,
"NOR","Norway","ENT2","Share of self-employed who are own-account workers","WOMEN","Women","TOTAL","Total","2018","2018","PC","Percentage","0","Units",,,3.1158237457,,
"NOR","Norway","ENT2","Share of self-employed who are own-account workers","WOMEN","Women","TOTAL","Total","2019","2019","PC","Percentage","0","Units",,,2.9447357655,,
"POL","Poland","ENT2","Share of self-employed who are own-account workers","MEN","Men","TOTAL","Total","2017","2017","PC","Percentage","0","Units",,,16.618225098,,
"POL","Poland","ENT2","Share of self-employed who are own-account workers","MEN","Men","TOTAL","Total","2018","2018","PC","Percentage","0","Units",,,16.574977875,,
"POL","Poland","ENT2","Share of self-employed who are own-account workers","MEN","Men","TOTAL","Total","2019","2019","PC","Percentage","0","Units",,,16.673044205,,
"POL","Poland","ENT2","Share of self-employed who are own-account workers","WOMEN","Women","TOTAL","Total","2017","2017","PC","Percentage","0","Units",,,9.5734243393,,
"POL","Poland","ENT2","Share of self-employed who are own-account workers","WOMEN","Women","TOTAL","Total","2018","2018","PC","Percentage","0","Units",,,9.7240724564,,
"POL","Poland","ENT2","Share of self-employed who are own-account workers","WOMEN","Women","TOTAL","Total","2019","2019","PC","Percentage","0","Units",,,9.7113370895,,
"PRT","Portugal","ENT2","Share of self-employed who are own-account workers","MEN","Men","TOTAL","Total","2017","2017","PC","Percentage","0","Units",,,10.463691711,,
"PRT","Portugal","ENT2","Share of self-employed who are own-account workers","MEN","Men","TOTAL","Total","2018","2018","PC","Percentage","0","Units",,,10.15987587,,
"PRT","Portugal","ENT2","Share of self-employed who are own-account workers","MEN","Men","TOTAL","Total","2019","2019","PC","Percentage","0","Units",,,10.61078167,,
"PRT","Portugal","ENT2","Share of self-employed who are own-account workers","WOMEN","Women","TOTAL","Total","2017","2017","PC","Percentage","0","Units",,,7.3203554153,,
"PRT","Portugal","ENT2","Share of self-employed who are own-account workers","WOMEN","Women","TOTAL","Total","2018","2018","PC","Percentage","0","Units",,,6.9402556419,,
"PRT","Portugal","ENT2","Share of self-employed who are own-account workers","WOMEN","Women","TOTAL","Total","2019","2019","PC","Percentage","0","Units",,,7.4978356361,,
"SVK","Slovak Republic","ENT2","Share of self-employed who are own-account workers","MEN","Men","TOTAL","Total","2017","2017","PC","Percentage","0","Units",,,14.844549179,,
"SVK","Slovak Republic","ENT2","Share of self-employed who are own-account workers","MEN","Men","TOTAL","Total","2018","2018","PC","Percentage","0","Units",,,14.837646484,,
"SVK","Slovak Republic","ENT2","Share of self-employed who are own-account workers","MEN","Men","TOTAL","Total","2019","2019","PC","Percentage","0","Units",,,15.165638924,,
"SVK","Slovak Republic","ENT2","Share of self-employed who are own-account workers","WOMEN","Women","TOTAL","Total","2017","2017","PC","Percentage","0","Units",,,8.4283065796,,
"SVK","Slovak Republic","ENT2","Share of self-employed who are own-account workers","WOMEN","Women","TOTAL","Total","2018","2018","PC","Percentage","0","Units",,,8.0734424591,,
"SVK","Slovak Republic","ENT2","Share of self-employed who are own-account workers","WOMEN","Women","TOTAL","Total","2019","2019","PC","Percentage","0","Units",,,7.9881658554,,
"ESP","Spain","ENT2","Share of self-employed who are own-account workers","MEN","Men","TOTAL","Total","2017","2017","PC","Percentage","0","Units",,,12.982680321,,
"ESP","Spain","ENT2","Share of self-employed who are own-account workers","MEN","Men","TOTAL","Total","2018","2018","PC","Percentage","0","Units",,,12.607970238,,
"ESP","Spain","ENT2","Share of self-employed who are own-account workers","MEN","Men","TOTAL","Total","2019","2019","PC","Percentage","0","Units",,,12.249123573,,
"ESP","Spain","ENT2","Share of self-employed who are own-account workers","WOMEN","Women","TOTAL","Total","2017","2017","PC","Percentage","0","Units",,,8.1163253784,,
"ESP","Spain","ENT2","Share of self-employed who are own-account workers","WOMEN","Women","TOTAL","Total","2018","2018","PC","Percentage","0","Units",,,7.8275032043,,
"ESP","Spain","ENT2","Share of self-employed who are own-account workers","WOMEN","Women","TOTAL","Total","2019","2019","PC","Percentage","0","Units",,,7.9663729668,,
"SWE","Sweden","ENT2","Share of self-employed who are own-account workers","MEN","Men","TOTAL","Total","2017","2017","PC","Percentage","0","Units",,,6.4818868637,,
"SWE","Sweden","ENT2","Share of self-employed who are own-account workers","MEN","Men","TOTAL","Total","2018","2018","PC","Percentage","0","Units",,,6.552438736,"B","Break"
"SWE","Sweden","ENT2","Share of self-employed who are own-account workers","MEN","Men","TOTAL","Total","2019","2019","PC","Percentage","0","Units",,,6.7681698799,,
"SWE","Sweden","ENT2","Share of self-employed who are own-account workers","WOMEN","Women","TOTAL","Total","2017","2017","PC","Percentage","0","Units",,,3.6607451439,,
"SWE","Sweden","ENT2","Share of self-employed who are own-account workers","WOMEN","Women","TOTAL","Total","2018","2018","PC","Percentage","0","Units",,,3.5430562496,"B","Break"
"SWE","Sweden","ENT2","Share of self-employed who are own-account workers","WOMEN","Women","TOTAL","Total","2019","2019","PC","Percentage","0","Units",,,3.5252194405,,
"CHE","Switzerland","ENT2","Share of self-employed who are own-account workers","MEN","Men","TOTAL","Total","2017","2017","PC","Percentage","0","Units",,,5.8845815659,,
"CHE","Switzerland","ENT2","Share of self-employed who are own-account workers","MEN","Men","TOTAL","Total","2018","2018","PC","Percentage","0","Units",,,6.0167365074,,
"CHE","Switzerland","ENT2","Share of self-employed who are own-account workers","MEN","Men","TOTAL","Total","2019","2019","PC","Percentage","0","Units",,,5.8074183464,,
"CHE","Switzerland","ENT2","Share of self-employed who are own-account workers","WOMEN","Women","TOTAL","Total","2017","2017","PC","Percentage","0","Units",,,6.2683410645,,
"CHE","Switzerland","ENT2","Share of self-employed who are own-account workers","WOMEN","Women","TOTAL","Total","2018","2018","PC","Percentage","0","Units",,,6.3446702957,,
"CHE","Switzerland","ENT2","Share of self-employed who are own-account workers","WOMEN","Women","TOTAL","Total","2019","2019","PC","Percentage","0","Units",,,6.4258165359,,
"TUR","Turkey","ENT2","Share of self-employed who are own-account workers","MEN","Men","TOTAL","Total","2017","2017","PC","Percentage","0","Units",,,18.841148376,,
"TUR","Turkey","ENT2","Share of self-employed who are own-account workers","MEN","Men","TOTAL","Total","2018","2018","PC","Percentage","0","Units",,,18.762964249,,
"TUR","Turkey","ENT2","Share of self-employed who are own-account workers","MEN","Men","TOTAL","Total","2019","2019","PC","Percentage","0","Units",,,18.698547363,,
"TUR","Turkey","ENT2","Share of self-employed who are own-account workers","WOMEN","Women","TOTAL","Total","2017","2017","PC","Percentage","0","Units",,,9.1873378754,,
"TUR","Turkey","ENT2","Share of self-employed who are own-account workers","WOMEN","Women","TOTAL","Total","2018","2018","PC","Percentage","0","Units",,,9.49152565,,
"TUR","Turkey","ENT2","Share of self-employed who are own-account workers","WOMEN","Women","TOTAL","Total","2019","2019","PC","Percentage","0","Units",,,8.729309082,,
"GBR","United Kingdom","ENT2","Share of self-employed who are own-account workers","MEN","Men","TOTAL","Total","2017","2017","PC","Percentage","0","Units",,,14.622229576,,
"GBR","United Kingdom","ENT2","Share of self-employed who are own-account workers","MEN","Men","TOTAL","Total","2018","2018","PC","Percentage","0","Units",,,14.735454559,,
"GBR","United Kingdom","ENT2","Share of self-employed who are own-account workers","MEN","Men","TOTAL","Total","2019","2019","PC","Percentage","0","Units",,,15.176939964,,
"GBR","United Kingdom","ENT2","Share of self-employed who are own-account workers","WOMEN","Women","TOTAL","Total","2017","2017","PC","Percentage","0","Units",,,8.6355552673,,
"GBR","United Kingdom","ENT2","Share of self-employed who are own-account workers","WOMEN","Women","TOTAL","Total","2018","2018","PC","Percentage","0","Units",,,8.6634607315,,
"GBR","United Kingdom","ENT2","Share of self-employed who are own-account workers","WOMEN","Women","TOTAL","Total","2019","2019","PC","Percentage","0","Units",,,8.9105587006,,
"USA","United States","ENT2","Share of self-employed who are own-account workers","MEN","Men","TOTAL","Total","2017","2017","PC","Percentage","0","Units",,,8.9395837784,,
"USA","United States","ENT2","Share of self-employed who are own-account workers","MEN","Men","TOTAL","Total","2018","2018","PC","Percentage","0","Units",,,8.9444856644,,
"USA","United States","ENT2","Share of self-employed who are own-account workers","MEN","Men","TOTAL","Total","2019","2019","PC","Percentage","0","Units",,,8.8054161072,,
"USA","United States","ENT2","Share of self-employed who are own-account workers","WOMEN","Women","TOTAL","Total","2017","2017","PC","Percentage","0","Units",,,6.4214010239,,
"USA","United States","ENT2","Share of self-employed who are own-account workers","WOMEN","Women","TOTAL","Total","2018","2018","PC","Percentage","0","Units",,,6.4430179596,,
"USA","United States","ENT2","Share of self-employed who are own-account workers","WOMEN","Women","TOTAL","Total","2019","2019","PC","Percentage","0","Units",,,6.3750119209,,
"CHL","Chile","ENT2","Share of self-employed who are own-account workers","MEN","Men","TOTAL","Total","2017","2017","PC","Percentage","0","Units",,,23.543159485,,
"CHL","Chile","ENT2","Share of self-employed who are own-account workers","WOMEN","Women","TOTAL","Total","2017","2017","PC","Percentage","0","Units",,,20.064081192,,
"EST","Estonia","ENT2","Share of self-employed who are own-account workers","MEN","Men","TOTAL","Total","2017","2017","PC","Percentage","0","Units",,,6.7346305847,,
"EST","Estonia","ENT2","Share of self-employed who are own-account workers","MEN","Men","TOTAL","Total","2018","2018","PC","Percentage","0","Units",,,7.1973161697,,
"EST","Estonia","ENT2","Share of self-employed who are own-account workers","MEN","Men","TOTAL","Total","2019","2019","PC","Percentage","0","Units",,,7.6155939102,,
"EST","Estonia","ENT2","Share of self-employed who are own-account workers","WOMEN","Women","TOTAL","Total","2017","2017","PC","Percentage","0","Units",,,3.7429614067,,
"EST","Estonia","ENT2","Share of self-employed who are own-account workers","WOMEN","Women","TOTAL","Total","2018","2018","PC","Percentage","0","Units",,,4.5980815887,,
"EST","Estonia","ENT2","Share of self-employed who are own-account workers","WOMEN","Women","TOTAL","Total","2019","2019","PC","Percentage","0","Units",,,4.5844326019,,
"SVN","Slovenia","ENT2","Share of self-employed who are own-account workers","MEN","Men","TOTAL","Total","2017","2017","PC","Percentage","0","Units",,,9.2274255753,,
"SVN","Slovenia","ENT2","Share of self-employed who are own-account workers","MEN","Men","TOTAL","Total","2018","2018","PC","Percentage","0","Units",,,10.275689125,,
"SVN","Slovenia","ENT2","Share of self-employed who are own-account workers","MEN","Men","TOTAL","Total","2019","2019","PC","Percentage","0","Units",,,10.211872101,,
"SVN","Slovenia","ENT2","Share of self-employed who are own-account workers","WOMEN","Women","TOTAL","Total","2017","2017","PC","Percentage","0","Units",,,5.6711640358,,
"SVN","Slovenia","ENT2","Share of self-employed who are own-account workers","WOMEN","Women","TOTAL","Total","2018","2018","PC","Percentage","0","Units",,,6.1611375809,,
"SVN","Slovenia","ENT2","Share of self-employed who are own-account workers","WOMEN","Women","TOTAL","Total","2019","2019","PC","Percentage","0","Units",,,5.9668016434,,
"ZAF","South Africa","ENT2","Share of self-employed who are own-account workers","MEN","Men","TOTAL","Total","2017","2017","PC","Percentage","0","Units",,,8.9311628342,,
"ZAF","South Africa","ENT2","Share of self-employed who are own-account workers","WOMEN","Women","TOTAL","Total","2017","2017","PC","Percentage","0","Units",,,9.19282341,,
"NZL","New Zealand","ENT1","Share of self-employed who are employers","MEN","Men","TOTAL","Total","2017","2017","PC","Percentage","0","Units",,,7.5544071198,,
"NZL","New Zealand","ENT1","Share of self-employed who are employers","MEN","Men","TOTAL","Total","2018","2018","PC","Percentage","0","Units",,,7.3348135948,,
"NZL","New Zealand","ENT1","Share of self-employed who are employers","MEN","Men","TOTAL","Total","2019","2019","PC","Percentage","0","Units",,,7.5842270851,,
"NZL","New Zealand","ENT1","Share of self-employed who are employers","MEN","Men","TOTAL","Total","2020","2020","PC","Percentage","0","Units",,,7.783229351,,
"NZL","New Zealand","ENT1","Share of self-employed who are employers","WOMEN","Women","TOTAL","Total","2017","2017","PC","Percentage","0","Units",,,4.0572376251,,
"NZL","New Zealand","ENT1","Share of self-employed who are employers","WOMEN","Women","TOTAL","Total","2018","2018","PC","Percentage","0","Units",,,3.9433515072,,
"NZL","New Zealand","ENT1","Share of self-employed who are employers","WOMEN","Women","TOTAL","Total","2019","2019","PC","Percentage","0","Units",,,4.1385064125,,
"NZL","New Zealand","ENT1","Share of self-employed who are employers","WOMEN","Women","TOTAL","Total","2020","2020","PC","Percentage","0","Units",,,4.2827444077,,
